Sale_Date,Branch,Item_Code,Invoice_No,Customer_Name,Customer_Id,Quantity,Free_Qty,Price,Amount_USD,Sales_Type
2024-05-07,Liberte,FG00363,INV-20240507-Lib-854,Customer_14,CUST014,24,0,18.76,450.24,Retail
2024-05-07,Matadi Shop,FG00065,INV-20240507-Mat-999,Customer_19,CUST019,29,0,11.82,342.78000000000003,Hospital
2024-05-01,Likasi Shop,FG00320,INV-20240501-Lik-856,Customer_49,CUST049,9,0,13.26,119.34,Retail
2024-05-03,Mbandaka Shop,FG00213,INV-20240503-Mba-308,Customer_21,CUST021,24,0,32.95,790.8000000000001,Hospital
2024-05-18,Gemena Shop,FG00177,INV-20240518-Gem-885,Customer_22,CUST022,17,0,27.89,474.13,Wholesale
2024-05-13,Pascal Shop,FG00341,INV-20240513-Pas-458,Customer_24,CUST024,28,0,25.09,702.52,Wholesale
2024-05-15,Bunia Shop,FG00134,INV-20240515-Bun-675,Customer_47,CUST047,1,1,14.03,28.06,Hospital
2024-05-09,Pompage Shop,FG00070,INV-20240509-Pom-133,Customer_74,CUST074,13,0,39.49,513.37,Wholesale
2024-05-05,Pascal Shop,FG00262,INV-20240505-Pas-859,Customer_86,CUST086,24,2,39.61,1029.86,Wholesale
2024-05-13,Mbandaka Shop,FG00374,INV-20240513-Mba-662,Customer_7,CUST007,12,0,34.47,413.64,Retail
2024-05-23,Bibwa Shop,FG00492,INV-20240523-Bib-279,Customer_61,CUST061,12,0,31.39,376.68,Retail
2024-05-15,NCPC Shop,FG00102,INV-20240515-NCP-845,Customer_92,CUST092,18,0,25.74,463.32,Retail
2024-05-19,Liberte,FG00490,INV-20240519-Lib-433,Customer_4,CUST004,11,2,66.93,870.0900000000001,Retail
2024-05-06,Appolo Depot,FG00296,INV-20240506-App-319,Customer_79,CUST079,16,0,26.59,425.44,Hospital
2024-05-14,R P Ngaba,FG00490,INV-20240514-R P-918,Customer_55,CUST055,16,0,66.93,1070.88,Wholesale
2024-05-22,Matadi Shop,FG00328,INV-20240522-Mat-663,Customer_71,CUST071,9,0,24.78,223.02,Retail
2024-05-08,R P Ngaba,FG00167,INV-20240508-R P-350,Customer_90,CUST090,3,0,25.08,75.24,Hospital
2024-05-28,NCPC Shop,FG00164,INV-20240528-NCP-373,Customer_40,CUST040,7,0,27.25,190.75,Wholesale
2024-05-04,Millennial Shop,FG00372,INV-20240504-Mil-861,Customer_95,CUST095,21,0,1.89,39.69,Wholesale
2024-05-08,R P Ngaba,FG00414,INV-20240508-R P-120,Customer_32,CUST032,33,0,43.65,1440.45,Hospital
2024-05-11,Kananga Shop,FG00444,INV-20240511-Kan-610,Customer_100,CUST100,23,0,28.74,661.02,Hospital
2024-05-23,Unique Commercial,FG00093,INV-20240523-Uni-944,Customer_78,CUST078,13,2,57.42,861.3000000000001,Hospital
2024-05-15,Kinshasa,FG00096,INV-20240515-Kin-171,Customer_57,CUST057,15,0,20.16,302.4,Retail
2024-05-02,Bukavu Shop,FG00127,INV-20240502-Buk-579,Customer_77,CUST077,13,0,61.62,801.06,Hospital
2024-05-16,Unique Commercial,FG00110,INV-20240516-Uni-241,Customer_42,CUST042,8,0,4.77,38.16,Hospital
2024-05-18,Mbandaka Shop,FG00067,INV-20240518-Mba-870,Customer_87,CUST087,2,0,6.33,12.66,Retail
2024-05-05,Kikwit Shop,FG00204,INV-20240505-Kik-983,Customer_93,CUST093,16,2,45.03,810.54,Retail
2024-05-18,UPN,FG00089,INV-20240518-UPN-371,Customer_6,CUST006,19,0,35.58,676.02,Hospital
2024-05-16,Gemena Shop,FG00266,INV-20240516-Gem-548,Customer_73,CUST073,15,0,55.95,839.25,Wholesale
2024-05-22,NCPC Shop,FG00355,INV-20240522-NCP-999,Customer_91,CUST091,10,2,3.57,42.839999999999996,Wholesale
2024-05-22,Goma Shop,FG00095,INV-20240522-Gom-503,Customer_69,CUST069,6,0,38.78,232.68,Retail
2024-05-26,Lubumbashi,FG00104,INV-20240526-Lub-341,Customer_39,CUST039,27,0,25.92,699.84,Wholesale
2024-05-21,Pascal Shop,FG00418,INV-20240521-Pas-428,Customer_74,CUST074,9,0,17.1,153.9,Retail
2024-05-15,Matadi Shop,FG00178,INV-20240515-Mat-315,Customer_21,CUST021,12,0,29.92,359.04,Hospital
2024-05-19,Pascal Shop,FG00012,INV-20240519-Pas-691,Customer_83,CUST083,14,2,38.82,621.12,Retail
2024-05-25,Goma Shop,FG00340,INV-20240525-Gom-303,Customer_39,CUST039,25,0,4.63,115.75,Wholesale
2024-05-09,UPN,FG00030,INV-20240509-UPN-105,Customer_26,CUST026,29,0,3.28,95.11999999999999,Hospital
2024-05-14,Pompage Shop,FG00043,INV-20240514-Pom-611,Customer_76,CUST076,25,0,2.15,53.75,Retail
2024-05-20,Unique Commercial,FG00075,INV-20240520-Uni-254,Customer_82,CUST082,8,0,53.46,427.68,Hospital
2024-05-05,Unique Commercial,FG00107,INV-20240505-Uni-817,Customer_88,CUST088,16,0,21.11,337.76,Wholesale
2024-05-14,Gemena Shop,FG00386,INV-20240514-Gem-217,Customer_7,CUST007,12,0,40.37,484.43999999999994,Hospital
2024-05-25,Pascal Shop,FG00060,INV-20240525-Pas-207,Customer_52,CUST052,33,0,25.41,838.53,Retail
2024-05-06,Lubumbashi,FG00062,INV-20240506-Lub-557,Customer_5,CUST005,8,0,14.3,114.4,Retail
2024-05-24,Bukavu Shop,FG00339,INV-20240524-Buk-878,Customer_68,CUST068,28,2,24.23,726.9,Wholesale
2024-05-08,UPN,FG00474,INV-20240508-UPN-319,Customer_94,CUST094,38,0,35.74,1358.1200000000001,Retail
2024-05-10,UPN,FG00221,INV-20240510-UPN-649,Customer_27,CUST027,15,0,26.58,398.7,Retail
2024-05-22,Liberte,FG00234,INV-20240522-Lib-930,Customer_86,CUST086,27,0,25.13,678.51,Wholesale
2024-05-25,Kimpese Shop,FG00077,INV-20240525-Kim-280,Customer_37,CUST037,42,1,31.03,1334.29,Retail
2024-05-03,Kolwezi Shop,FG00012,INV-20240503-Kol-504,Customer_88,CUST088,4,0,38.82,155.28,Hospital
2024-05-17,Tshikapa Shop,FG00473,INV-20240517-Tsh-690,Customer_2,CUST002,27,0,3.11,83.97,Hospital
2024-05-11,Tshikapa Shop,FG00077,INV-20240511-Tsh-231,Customer_49,CUST049,1,0,31.03,31.03,Retail
2024-05-27,UPN,FG00359,INV-20240527-UPN-838,Customer_45,CUST045,16,2,70.61,1270.98,Wholesale
2024-05-27,Matadi Shop,FG00415,INV-20240527-Mat-101,Customer_84,CUST084,21,2,31.96,735.08,Retail
2024-05-23,Goma Shop,FG00066,INV-20240523-Gom-608,Customer_75,CUST075,22,3,41.38,1034.5,Retail
2024-05-25,Kimpese Shop,FG00118,INV-20240525-Kim-245,Customer_16,CUST016,10,1,8.11,89.21,Wholesale
2024-05-07,Quartier 1 Shop,FG00479,INV-20240507-Qua-652,Customer_42,CUST042,12,0,48.5,582.0,Wholesale
2024-05-13,Likasi Shop,FG00391,INV-20240513-Lik-966,Customer_28,CUST028,28,2,49.53,1485.9,Retail
2024-05-09,Matadi Shop,FG00455,INV-20240509-Mat-126,Customer_20,CUST020,24,3,6.45,174.15,Retail
2024-05-16,Boma Shop,FG00217,INV-20240516-Bom-265,Customer_79,CUST079,8,0,16.94,135.52,Wholesale
2024-05-08,Millennial Shop,FG00143,INV-20240508-Mil-734,Customer_77,CUST077,36,0,25.37,913.32,Retail
2024-05-15,Pascal Shop,FG00221,INV-20240515-Pas-122,Customer_76,CUST076,35,0,26.58,930.3,Wholesale
2024-05-08,Tshikapa Shop,FG00065,INV-20240508-Tsh-765,Customer_68,CUST068,27,3,11.82,354.6,Retail
2024-05-11,Bunia Shop,FG00134,INV-20240511-Bun-947,Customer_21,CUST021,3,1,14.03,56.12,Hospital
2024-05-21,Kinshasa,FG00114,INV-20240521-Kin-133,Customer_37,CUST037,12,2,40.6,568.4,Retail
2024-05-02,Unique Commercial,FG00009,INV-20240502-Uni-608,Customer_52,CUST052,9,0,24.36,219.24,Hospital
2024-05-25,Bibwa Shop,FG00189,INV-20240525-Bib-737,Customer_40,CUST040,27,0,21.56,582.12,Retail
2024-05-12,Bibwa Shop,FG00303,INV-20240512-Bib-480,Customer_45,CUST045,33,0,21.99,725.67,Wholesale
2024-05-14,Liberte,FG00485,INV-20240514-Lib-961,Customer_62,CUST062,26,0,23.7,616.1999999999999,Retail
2024-05-05,Kananga Shop,FG00237,INV-20240505-Kan-145,Customer_15,CUST015,22,0,11.81,259.82,Hospital
2024-05-02,Unique Commercial,FG00409,INV-20240502-Uni-139,Customer_16,CUST016,10,1,45.36,498.96,Retail
2024-05-01,Kingaraz,FG00284,INV-20240501-Kin-508,Customer_58,CUST058,32,0,4.49,143.68,Wholesale
2024-05-25,Pascal Shop,FG00251,INV-20240525-Pas-143,Customer_67,CUST067,27,0,12.34,333.18,Hospital
2024-05-01,Kimpese Shop,FG00416,INV-20240501-Kim-558,Customer_47,CUST047,19,1,34.45,689.0,Retail
2024-05-05,Goma,FG00445,INV-20240505-Gom-821,Customer_44,CUST044,1,0,40.83,40.83,Retail
2024-05-15,Pascal Shop,FG00101,INV-20240515-Pas-563,Customer_53,CUST053,39,0,2.54,99.06,Retail
2024-05-08,Boma Shop,FG00237,INV-20240508-Bom-181,Customer_43,CUST043,7,2,11.81,106.29,Retail
2024-05-27,Kolwezi Shop,FG00185,INV-20240527-Kol-603,Customer_36,CUST036,30,0,10.91,327.3,Wholesale
2024-05-07,Matete Shop,FG00090,INV-20240507-Mat-125,Customer_26,CUST026,21,0,24.14,506.94,Retail
2024-05-19,Quartier 1 Shop,FG00094,INV-20240519-Qua-792,Customer_68,CUST068,29,0,28.5,826.5,Wholesale
2024-05-15,Quartier 1 Shop,FG00361,INV-20240515-Qua-608,Customer_33,CUST033,20,0,30.03,600.6,Retail
2024-05-07,Unique Commercial,FG00288,INV-20240507-Uni-787,Customer_26,CUST026,48,0,22.07,1059.3600000000001,Retail
2024-05-20,Matete Shop,FG00081,INV-20240520-Mat-360,Customer_57,CUST057,3,3,34.63,207.78000000000003,Wholesale
2024-05-13,Quartier 1 Shop,FG00422,INV-20240513-Qua-699,Customer_46,CUST046,18,0,39.69,714.42,Retail
2024-05-17,Mbandaka Shop,FG00426,INV-20240517-Mba-119,Customer_61,CUST061,27,0,22.34,603.18,Retail
2024-05-02,Mwevu Shop,FG00207,INV-20240502-Mwe-418,Customer_13,CUST013,24,0,8.96,215.04000000000002,Wholesale
2024-05-21,Goma,FG00387,INV-20240521-Gom-151,Customer_15,CUST015,12,0,14.82,177.84,Wholesale
2024-05-19,Millennial Shop,FG00342,INV-20240519-Mil-138,Customer_33,CUST033,22,0,19.36,425.91999999999996,Retail
2024-05-24,Kananga Shop,FG00300,INV-20240524-Kan-665,Customer_99,CUST099,1,0,5.18,5.18,Retail
2024-05-27,Mwevu Shop,FG00294,INV-20240527-Mwe-783,Customer_32,CUST032,26,0,18.65,484.9,Hospital
2024-05-03,Bunia Shop,FG00402,INV-20240503-Bun-725,Customer_33,CUST033,22,0,67.84,1492.48,Hospital
2024-05-17,Lubumbashi,FG00414,INV-20240517-Lub-950,Customer_83,CUST083,26,0,43.65,1134.8999999999999,Hospital
2024-05-27,Millennial Shop,FG00476,INV-20240527-Mil-641,Customer_78,CUST078,30,2,39.73,1271.36,Wholesale
2024-05-21,Kisangani Shop,FG00332,INV-20240521-Kis-704,Customer_60,CUST060,21,0,30.5,640.5,Wholesale
2024-05-22,Unique Commercial,FG00417,INV-20240522-Uni-669,Customer_78,CUST078,11,0,12.3,135.3,Hospital
2024-05-10,Kimpese Shop,FG00211,INV-20240510-Kim-252,Customer_13,CUST013,12,3,27.89,418.35,Retail
2024-05-16,Kolwezi Shop,FG00488,INV-20240516-Kol-684,Customer_62,CUST062,34,0,22.16,753.44,Wholesale
2024-05-08,Kisangani Shop,FG00426,INV-20240508-Kis-547,Customer_42,CUST042,17,0,22.34,379.78,Retail
2024-05-07,Kolwezi Shop,FG00299,INV-20240507-Kol-725,Customer_15,CUST015,20,0,25.22,504.4,Wholesale
2024-05-26,Kinshasa,FG00035,INV-20240526-Kin-269,Customer_34,CUST034,10,3,38.66,502.5799999999999,Wholesale
2024-05-28,Tshikapa Shop,FG00014,INV-20240528-Tsh-627,Customer_7,CUST007,26,0,9.12,237.11999999999998,Wholesale
2024-05-27,R P Ngaba,FG00055,INV-20240527-R P-961,Customer_8,CUST008,39,0,45.45,1772.5500000000002,Retail
2024-05-22,Goma,FG00323,INV-20240522-Gom-365,Customer_81,CUST081,11,1,50.03,600.36,Retail
2024-05-28,Pascal Shop,FG00121,INV-20240528-Pas-868,Customer_90,CUST090,22,0,32.45,713.9000000000001,Hospital
2024-05-19,Bibwa Shop,FG00462,INV-20240519-Bib-185,Customer_15,CUST015,26,0,49.22,1279.72,Wholesale
2024-05-01,Kolwezi Shop,FG00476,INV-20240501-Kol-934,Customer_4,CUST004,17,0,39.73,675.41,Retail
2024-05-18,Matete Shop,FG00458,INV-20240518-Mat-241,Customer_69,CUST069,11,0,23.96,263.56,Retail
2024-05-25,Unique Commercial,FG00232,INV-20240525-Uni-634,Customer_46,CUST046,28,2,25.63,768.9,Hospital
2024-05-24,Kisangani Shop,FG00293,INV-20240524-Kis-482,Customer_65,CUST065,10,3,41.31,537.03,Wholesale
2024-05-01,Liberte,FG00032,INV-20240501-Lib-653,Customer_34,CUST034,31,2,9.36,308.88,Retail
2024-05-14,Pompage Shop,FG00164,INV-20240514-Pom-948,Customer_12,CUST012,20,0,27.25,545.0,Retail
2024-05-27,UPN,FG00195,INV-20240527-UPN-709,Customer_39,CUST039,25,0,17.61,440.25,Wholesale
2024-05-03,Pascal Shop,FG00479,INV-20240503-Pas-790,Customer_64,CUST064,11,0,48.5,533.5,Hospital
2024-05-09,R P Ngaba,FG00308,INV-20240509-R P-616,Customer_72,CUST072,20,0,16.82,336.4,Retail
2024-05-15,Matete Shop,FG00297,INV-20240515-Mat-968,Customer_86,CUST086,1,2,38.73,116.19,Wholesale
2024-05-22,Boma Shop,FG00137,INV-20240522-Bom-334,Customer_46,CUST046,4,0,26.42,105.68,Hospital
2024-05-04,Kananga Shop,FG00464,INV-20240504-Kan-533,Customer_75,CUST075,35,1,23.67,852.1200000000001,Retail
2024-05-12,Quartier 1 Shop,FG00023,INV-20240512-Qua-757,Customer_71,CUST071,17,0,12.26,208.42,Retail
2024-05-06,Millennial Shop,FG00146,INV-20240506-Mil-666,Customer_89,CUST089,13,0,2.25,29.25,Hospital
2024-05-08,Bukavu Shop,FG00371,INV-20240508-Buk-897,Customer_14,CUST014,17,0,5.94,100.98,Wholesale
2024-05-19,Matete Shop,FG00094,INV-20240519-Mat-719,Customer_6,CUST006,34,0,28.5,969.0,Wholesale
2024-05-23,Kolwezi Shop,FG00428,INV-20240523-Kol-659,Customer_50,CUST050,1,0,44.5,44.5,Retail
2024-05-24,Kananga Shop,FG00480,INV-20240524-Kan-372,Customer_4,CUST004,32,0,26.63,852.16,Wholesale
2024-05-17,Likasi Shop,FG00078,INV-20240517-Lik-256,Customer_2,CUST002,23,0,4.63,106.49,Hospital
2024-05-11,Kimpese Shop,FG00198,INV-20240511-Kim-693,Customer_46,CUST046,7,0,35.97,251.79,Retail
2024-05-27,Kingaraz,FG00141,INV-20240527-Kin-100,Customer_17,CUST017,9,0,48.16,433.43999999999994,Hospital
2024-05-19,Kisangani Shop,FG00137,INV-20240519-Kis-813,Customer_69,CUST069,36,0,26.42,951.1200000000001,Hospital
2024-05-08,Lubumbashi,FG00451,INV-20240508-Lub-504,Customer_34,CUST034,10,0,31.26,312.6,Wholesale
2024-05-05,Bibwa Shop,FG00309,INV-20240505-Bib-122,Customer_55,CUST055,8,0,39.96,319.68,Hospital
2024-05-27,Matadi Shop,FG00046,INV-20240527-Mat-949,Customer_28,CUST028,31,0,33.46,1037.26,Retail
2024-05-19,Mbandaka Shop,FG00184,INV-20240519-Mba-755,Customer_77,CUST077,23,0,65.98,1517.5400000000002,Retail
2024-05-27,NCPC Shop,FG00366,INV-20240527-NCP-318,Customer_30,CUST030,10,0,29.88,298.8,Wholesale
2024-05-24,Kingaraz,FG00458,INV-20240524-Kin-354,Customer_24,CUST024,22,0,23.96,527.12,Retail
2024-05-09,Bunia Shop,FG00285,INV-20240509-Bun-440,Customer_52,CUST052,9,0,23.47,211.23,Hospital
2024-05-01,R P Ngaba,FG00185,INV-20240501-R P-868,Customer_36,CUST036,31,3,10.91,370.94,Wholesale
2024-05-16,Appolo Depot,FG00135,INV-20240516-App-539,Customer_13,CUST013,25,0,37.76,944.0,Wholesale
2024-05-21,Lubumbashi,FG00447,INV-20240521-Lub-380,Customer_38,CUST038,23,0,49.31,1134.13,Retail
2024-05-26,Kingaraz,FG00206,INV-20240526-Kin-873,Customer_61,CUST061,37,1,2.17,82.46,Hospital
2024-05-16,Matadi Shop,FG00396,INV-20240516-Mat-364,Customer_90,CUST090,8,0,46.61,372.88,Hospital
2024-05-18,Lubumbashi,FG00280,INV-20240518-Lub-102,Customer_94,CUST094,24,0,39.99,959.76,Wholesale
2024-05-15,Appolo Depot,FG00050,INV-20240515-App-377,Customer_57,CUST057,40,0,8.05,322.0,Wholesale
2024-05-17,Kimpese Shop,FG00404,INV-20240517-Kim-737,Customer_42,CUST042,9,0,62.25,560.25,Retail
2024-05-13,Matadi Kibala,FG00485,INV-20240513-Mat-731,Customer_55,CUST055,16,0,23.7,379.2,Hospital
2024-05-18,Mbandaka Shop,FG00358,INV-20240518-Mba-813,Customer_51,CUST051,24,1,23.76,594.0,Hospital
2024-05-18,Bibwa Shop,FG00160,INV-20240518-Bib-680,Customer_49,CUST049,10,3,36.68,476.84,Wholesale
2024-05-23,Pascal Shop,FG00168,INV-20240523-Pas-421,Customer_34,CUST034,43,0,10.14,436.02000000000004,Hospital
2024-05-02,Unique Commercial,FG00064,INV-20240502-Uni-713,Customer_93,CUST093,21,0,18.48,388.08,Hospital
2024-05-06,Boma Shop,FG00433,INV-20240506-Bom-469,Customer_62,CUST062,10,0,31.29,312.9,Retail
2024-05-23,Matadi Kibala,FG00456,INV-20240523-Mat-216,Customer_45,CUST045,4,0,20.11,80.44,Retail
2024-05-16,Pascal Shop,FG00217,INV-20240516-Pas-332,Customer_8,CUST008,22,0,16.94,372.68,Hospital
2024-05-18,Matete Shop,FG00107,INV-20240518-Mat-520,Customer_32,CUST032,31,0,21.11,654.41,Hospital
2024-05-21,Tshikapa Shop,FG00052,INV-20240521-Tsh-435,Customer_34,CUST034,24,0,31.18,748.3199999999999,Wholesale
2024-05-20,Boma Shop,FG00195,INV-20240520-Bom-125,Customer_7,CUST007,19,0,17.61,334.59,Hospital
2024-05-21,Likasi Shop,FG00414,INV-20240521-Lik-694,Customer_68,CUST068,14,0,43.65,611.1,Wholesale
2024-05-06,Boma Shop,FG00151,INV-20240506-Bom-798,Customer_49,CUST049,9,2,45.51,500.60999999999996,Wholesale
2024-05-26,Quartier 1 Shop,FG00221,INV-20240526-Qua-434,Customer_7,CUST007,29,0,26.58,770.8199999999999,Wholesale
2024-05-09,R P Ngaba,FG00008,INV-20240509-R P-422,Customer_40,CUST040,4,3,43.44,304.08,Wholesale
2024-05-28,Kikwit Shop,FG00251,INV-20240528-Kik-650,Customer_44,CUST044,25,3,12.34,345.52,Retail
2024-05-19,Bibwa Shop,FG00401,INV-20240519-Bib-426,Customer_99,CUST099,6,0,4.84,29.04,Retail
2024-05-07,Goma,FG00218,INV-20240507-Gom-364,Customer_48,CUST048,18,0,30.06,541.0799999999999,Wholesale
2024-05-13,Tshikapa Shop,FG00438,INV-20240513-Tsh-528,Customer_99,CUST099,25,0,41.27,1031.75,Wholesale
2024-05-23,Kolwezi Shop,FG00028,INV-20240523-Kol-442,Customer_81,CUST081,37,0,39.3,1454.1,Hospital
2024-05-20,Goma Shop,FG00118,INV-20240520-Gom-811,Customer_2,CUST002,27,1,8.11,227.07999999999998,Hospital
2024-05-14,R P Ngaba,FG00439,INV-20240514-R P-255,Customer_23,CUST023,9,0,53.41,480.68999999999994,Wholesale
2024-05-06,Bibwa Shop,FG00220,INV-20240506-Bib-810,Customer_62,CUST062,32,1,42.61,1406.1299999999999,Hospital
2024-05-16,Likasi Shop,FG00206,INV-20240516-Lik-727,Customer_41,CUST041,36,0,2.17,78.12,Retail
2024-05-13,Goma,FG00054,INV-20240513-Gom-826,Customer_36,CUST036,17,0,44.85,762.45,Retail
2024-05-03,Kikwit Shop,FG00467,INV-20240503-Kik-934,Customer_65,CUST065,35,2,12.0,444.0,Wholesale
2024-05-18,Matadi Kibala,FG00031,INV-20240518-Mat-115,Customer_69,CUST069,18,0,24.62,443.16,Retail
2024-05-16,Matete Shop,FG00247,INV-20240516-Mat-230,Customer_72,CUST072,14,1,17.58,263.7,Retail
2024-05-28,Pascal Shop,FG00089,INV-20240528-Pas-554,Customer_46,CUST046,24,0,35.58,853.92,Retail
2024-05-26,Mwevu Shop,FG00229,INV-20240526-Mwe-518,Customer_92,CUST092,20,0,44.71,894.2,Wholesale
2024-05-28,R P Ngaba,FG00327,INV-20240528-R P-250,Customer_10,CUST010,14,1,28.16,422.4,Hospital
2024-05-04,R P Ngaba,FG00028,INV-20240504-R P-334,Customer_33,CUST033,20,0,39.3,786.0,Hospital
2024-05-25,Pompage Shop,FG00176,INV-20240525-Pom-813,Customer_45,CUST045,1,0,9.54,9.54,Hospital
2024-05-24,Matadi Kibala,FG00444,INV-20240524-Mat-572,Customer_7,CUST007,24,1,28.74,718.5,Hospital
2024-05-12,R P Ngaba,FG00189,INV-20240512-R P-279,Customer_66,CUST066,8,0,21.56,172.48,Wholesale
2024-05-05,Unique Commercial,FG00344,INV-20240505-Uni-338,Customer_97,CUST097,2,0,33.39,66.78,Hospital
2024-05-11,Kananga Shop,FG00186,INV-20240511-Kan-148,Customer_35,CUST035,6,1,33.34,233.38000000000002,Retail
2024-05-22,Quartier 1 Shop,FG00131,INV-20240522-Qua-392,Customer_48,CUST048,39,0,17.16,669.24,Hospital
2024-05-15,Bukavu Shop,FG00379,INV-20240515-Buk-965,Customer_26,CUST026,14,0,40.91,572.74,Retail
2024-05-04,Tshikapa Shop,FG00484,INV-20240504-Tsh-558,Customer_92,CUST092,21,0,31.75,666.75,Wholesale
2024-05-25,Millennial Shop,FG00350,INV-20240525-Mil-935,Customer_94,CUST094,24,2,25.34,658.84,Retail
2024-05-15,Bibwa Shop,FG00462,INV-20240515-Bib-311,Customer_98,CUST098,19,0,49.22,935.18,Retail
2024-05-22,Kolwezi Shop,FG00331,INV-20240522-Kol-270,Customer_96,CUST096,34,0,14.75,501.5,Wholesale
2024-05-06,Goma,FG00099,INV-20240506-Gom-651,Customer_72,CUST072,38,0,1.8,68.4,Wholesale
2024-05-22,R P Ngaba,FG00420,INV-20240522-R P-462,Customer_61,CUST061,9,0,56.8,511.2,Hospital
2024-05-01,Boma Shop,FG00411,INV-20240501-Bom-902,Customer_78,CUST078,17,1,16.65,299.7,Wholesale
2024-05-08,Lubumbashi,FG00131,INV-20240508-Lub-299,Customer_82,CUST082,25,0,17.16,429.0,Retail
2024-05-13,Kisangani Shop,FG00167,INV-20240513-Kis-949,Customer_65,CUST065,12,4,25.08,401.28,Retail
2024-05-09,Kisangani Shop,FG00170,INV-20240509-Kis-112,Customer_40,CUST040,31,2,29.95,988.35,Retail
2024-05-28,Kimpese Shop,FG00264,INV-20240528-Kim-551,Customer_51,CUST051,30,0,21.12,633.6,Wholesale
2024-05-17,Kolwezi Shop,FG00264,INV-20240517-Kol-453,Customer_55,CUST055,31,1,21.12,675.84,Retail
2024-05-09,Kananga Shop,FG00131,INV-20240509-Kan-367,Customer_47,CUST047,11,2,17.16,223.08,Wholesale
2024-05-14,Boma Shop,FG00423,INV-20240514-Bom-470,Customer_69,CUST069,28,0,8.21,229.88000000000002,Hospital
2024-05-03,Pompage Shop,FG00309,INV-20240503-Pom-821,Customer_58,CUST058,21,0,39.96,839.16,Hospital
2024-05-04,Kinshasa,FG00329,INV-20240504-Kin-919,Customer_97,CUST097,4,0,21.56,86.24,Hospital
2024-05-22,Bunia Shop,FG00124,INV-20240522-Bun-250,Customer_16,CUST016,11,0,9.58,105.38,Hospital
2024-05-15,Kananga Shop,FG00448,INV-20240515-Kan-923,Customer_50,CUST050,19,0,30.34,576.46,Hospital
2024-05-19,Quartier 1 Shop,FG00301,INV-20240519-Qua-258,Customer_100,CUST100,19,0,2.82,53.58,Hospital
2024-05-20,Boma Shop,FG00157,INV-20240520-Bom-592,Customer_41,CUST041,39,0,27.14,1058.46,Hospital
2024-05-23,Tshikapa Shop,FG00429,INV-20240523-Tsh-959,Customer_36,CUST036,25,0,18.19,454.75000000000006,Wholesale
2024-05-22,Tshikapa Shop,FG00130,INV-20240522-Tsh-929,Customer_5,CUST005,34,0,39.05,1327.6999999999998,Retail
2024-05-28,Matadi Kibala,FG00364,INV-20240528-Mat-235,Customer_35,CUST035,42,0,27.74,1165.08,Retail
2024-05-27,Kisangani Shop,FG00304,INV-20240527-Kis-341,Customer_67,CUST067,15,0,25.78,386.70000000000005,Retail
2024-05-19,Kimpese Shop,FG00078,INV-20240519-Kim-775,Customer_83,CUST083,24,2,4.63,120.38,Hospital
2024-05-16,Goma,FG00201,INV-20240516-Gom-680,Customer_21,CUST021,21,1,25.97,571.3399999999999,Retail
2024-05-06,Boma Shop,FG00365,INV-20240506-Bom-271,Customer_28,CUST028,24,0,37.7,904.8000000000001,Retail
2024-05-04,Lubumbashi,FG00418,INV-20240504-Lub-335,Customer_24,CUST024,1,0,17.1,17.1,Retail
2024-05-01,Goma,FG00033,INV-20240501-Gom-572,Customer_50,CUST050,26,0,3.35,87.10000000000001,Wholesale
2024-05-13,Unique Commercial,FG00024,INV-20240513-Uni-961,Customer_66,CUST066,21,1,18.95,416.9,Hospital
2024-05-20,Pompage Shop,FG00367,INV-20240520-Pom-660,Customer_2,CUST002,40,0,38.48,1539.1999999999998,Retail
2024-05-27,Kolwezi Shop,FG00097,INV-20240527-Kol-395,Customer_12,CUST012,13,0,21.29,276.77,Retail
2024-05-24,Mbandaka Shop,FG00460,INV-20240524-Mba-765,Customer_41,CUST041,15,0,5.46,81.9,Retail
2024-05-21,Pascal Shop,FG00302,INV-20240521-Pas-905,Customer_7,CUST007,39,0,21.63,843.5699999999999,Wholesale
2024-05-09,Kingaraz,FG00401,INV-20240509-Kin-756,Customer_71,CUST071,11,1,4.84,58.08,Retail
2024-05-07,Bunia Shop,FG00159,INV-20240507-Bun-423,Customer_76,CUST076,18,0,12.64,227.52,Hospital
2024-05-26,Kimpese Shop,FG00018,INV-20240526-Kim-891,Customer_94,CUST094,28,0,26.71,747.88,Retail
2024-05-15,Matete Shop,FG00469,INV-20240515-Mat-936,Customer_48,CUST048,22,0,17.94,394.68,Wholesale
2024-05-11,Matadi Kibala,FG00225,INV-20240511-Mat-120,Customer_43,CUST043,7,1,13.99,111.92,Hospital
2024-05-02,Quartier 1 Shop,FG00222,INV-20240502-Qua-499,Customer_86,CUST086,13,1,28.85,403.90000000000003,Wholesale
2024-05-09,Pascal Shop,FG00038,INV-20240509-Pas-502,Customer_83,CUST083,24,0,5.79,138.96,Wholesale
2024-05-10,Pascal Shop,FG00363,INV-20240510-Pas-388,Customer_29,CUST029,24,0,18.76,450.24,Retail
2024-05-26,Bibwa Shop,FG00278,INV-20240526-Bib-728,Customer_52,CUST052,2,0,32.85,65.7,Hospital
2024-05-09,Pompage Shop,FG00022,INV-20240509-Pom-476,Customer_2,CUST002,30,0,6.27,188.1,Hospital
2024-05-25,UPN,FG00221,INV-20240525-UPN-401,Customer_26,CUST026,22,0,26.58,584.76,Hospital
2024-05-05,Matadi Kibala,FG00274,INV-20240505-Mat-736,Customer_73,CUST073,33,2,36.6,1281.0,Wholesale
2024-05-06,Matadi Kibala,FG00311,INV-20240506-Mat-640,Customer_2,CUST002,31,0,22.51,697.8100000000001,Retail
2024-05-18,Quartier 1 Shop,FG00286,INV-20240518-Qua-679,Customer_82,CUST082,24,0,2.76,66.24,Retail
2024-05-16,Millennial Shop,FG00401,INV-20240516-Mil-131,Customer_47,CUST047,33,0,4.84,159.72,Wholesale
2024-05-26,Quartier 1 Shop,FG00093,INV-20240526-Qua-683,Customer_10,CUST010,25,0,57.42,1435.5,Wholesale
2024-05-13,Goma,FG00355,INV-20240513-Gom-122,Customer_17,CUST017,19,0,3.57,67.83,Retail
2024-05-05,Quartier 1 Shop,FG00452,INV-20240505-Qua-565,Customer_46,CUST046,42,2,42.54,1871.76,Hospital
2024-05-17,Liberte,FG00195,INV-20240517-Lib-666,Customer_11,CUST011,25,0,17.61,440.25,Retail
2024-05-25,Kikwit Shop,FG00479,INV-20240525-Kik-902,Customer_10,CUST010,7,0,48.5,339.5,Wholesale
2024-05-12,Bukavu Shop,FG00262,INV-20240512-Buk-571,Customer_16,CUST016,7,0,39.61,277.27,Wholesale
2024-05-15,Kolwezi Shop,FG00362,INV-20240515-Kol-241,Customer_96,CUST096,22,0,32.52,715.44,Wholesale
2024-05-10,Matadi Kibala,FG00309,INV-20240510-Mat-198,Customer_10,CUST010,21,0,39.96,839.16,Hospital
2024-05-22,Appolo Depot,FG00144,INV-20240522-App-706,Customer_92,CUST092,13,0,12.59,163.67,Wholesale
2024-05-05,Quartier 1 Shop,FG00137,INV-20240505-Qua-717,Customer_19,CUST019,21,0,26.42,554.82,Wholesale
2024-05-11,Matadi Shop,FG00231,INV-20240511-Mat-370,Customer_91,CUST091,35,0,31.96,1118.6000000000001,Hospital
2024-05-24,Kikwit Shop,FG00137,INV-20240524-Kik-943,Customer_14,CUST014,26,0,26.42,686.9200000000001,Hospital
2024-05-12,Kolwezi Shop,FG00191,INV-20240512-Kol-426,Customer_6,CUST006,18,0,8.34,150.12,Wholesale
2024-05-25,Tshikapa Shop,FG00002,INV-20240525-Tsh-229,Customer_19,CUST019,11,1,38.07,456.84000000000003,Wholesale
2024-05-16,Kinshasa,FG00364,INV-20240516-Kin-150,Customer_94,CUST094,15,0,27.74,416.09999999999997,Retail
2024-05-21,Matete Shop,FG00113,INV-20240521-Mat-519,Customer_44,CUST044,15,0,37.25,558.75,Wholesale
2024-05-02,Gemena Shop,FG00088,INV-20240502-Gem-385,Customer_18,CUST018,18,0,32.24,580.32,Wholesale
2024-05-06,R P Ngaba,FG00471,INV-20240506-R P-838,Customer_42,CUST042,14,0,1.6,22.400000000000002,Wholesale
2024-05-01,Boma Shop,FG00046,INV-20240501-Bom-936,Customer_84,CUST084,1,0,33.46,33.46,Hospital
2024-05-06,R P Ngaba,FG00353,INV-20240506-R P-346,Customer_58,CUST058,40,0,49.92,1996.8000000000002,Retail
2024-05-05,Kingaraz,FG00038,INV-20240505-Kin-913,Customer_70,CUST070,30,0,5.79,173.7,Wholesale
2024-05-01,Pompage Shop,FG00034,INV-20240501-Pom-675,Customer_45,CUST045,16,0,71.25,1140.0,Hospital
2024-05-23,Boma Shop,FG00047,INV-20240523-Bom-101,Customer_48,CUST048,20,0,13.02,260.4,Hospital
2024-05-06,Gemena Shop,FG00454,INV-20240506-Gem-188,Customer_85,CUST085,8,3,36.33,399.63,Wholesale
2024-05-06,Quartier 1 Shop,FG00042,INV-20240506-Qua-861,Customer_6,CUST006,38,2,20.21,808.4000000000001,Wholesale
2024-05-08,Bibwa Shop,FG00028,INV-20240508-Bib-304,Customer_18,CUST018,30,2,39.3,1257.6,Retail
2024-05-02,Gemena Shop,FG00037,INV-20240502-Gem-421,Customer_76,CUST076,6,1,12.74,89.18,Hospital
2024-05-01,Kinshasa,FG00490,INV-20240501-Kin-949,Customer_90,CUST090,21,0,66.93,1405.5300000000002,Hospital
2024-05-03,Likasi Shop,FG00288,INV-20240503-Lik-400,Customer_90,CUST090,15,1,22.07,353.12,Retail
2024-05-26,Appolo Depot,FG00409,INV-20240526-App-523,Customer_60,CUST060,19,0,45.36,861.84,Hospital
2024-05-18,NCPC Shop,FG00443,INV-20240518-NCP-234,Customer_45,CUST045,19,2,19.34,406.14,Hospital
2024-05-09,Mwevu Shop,FG00490,INV-20240509-Mwe-523,Customer_15,CUST015,9,0,66.93,602.3700000000001,Hospital
2024-05-03,Appolo Depot,FG00243,INV-20240503-App-930,Customer_40,CUST040,12,0,36.66,439.91999999999996,Hospital
2024-05-03,NCPC Shop,FG00462,INV-20240503-NCP-172,Customer_100,CUST100,7,2,49.22,442.98,Retail
2024-05-09,Bukavu Shop,FG00024,INV-20240509-Buk-674,Customer_100,CUST100,1,0,18.95,18.95,Hospital
2024-05-20,Matete Shop,FG00114,INV-20240520-Mat-579,Customer_9,CUST009,31,0,40.6,1258.6000000000001,Wholesale
2024-05-07,Kikwit Shop,FG00225,INV-20240507-Kik-943,Customer_98,CUST098,33,0,13.99,461.67,Retail
2024-05-11,Appolo Depot,FG00216,INV-20240511-App-982,Customer_52,CUST052,16,0,18.95,303.2,Wholesale
2024-05-18,Quartier 1 Shop,FG00020,INV-20240518-Qua-298,Customer_58,CUST058,1,1,12.22,24.44,Hospital
2024-05-18,Kisangani Shop,FG00368,INV-20240518-Kis-654,Customer_39,CUST039,19,0,68.04,1292.7600000000002,Hospital
2024-05-07,Likasi Shop,FG00496,INV-20240507-Lik-491,Customer_30,CUST030,14,0,14.65,205.1,Hospital
2024-05-28,Likasi Shop,FG00208,INV-20240528-Lik-148,Customer_70,CUST070,35,2,26.81,991.9699999999999,Wholesale
2024-05-11,Boma Shop,FG00229,INV-20240511-Bom-821,Customer_36,CUST036,10,0,44.71,447.1,Retail
2024-05-13,Kikwit Shop,FG00230,INV-20240513-Kik-181,Customer_46,CUST046,16,0,31.93,510.88,Wholesale
2024-05-13,R P Ngaba,FG00106,INV-20240513-R P-944,Customer_94,CUST094,17,0,13.22,224.74,Retail
2024-05-20,Lubumbashi,FG00277,INV-20240520-Lub-432,Customer_99,CUST099,24,1,60.18,1504.5,Retail
2024-05-02,Millennial Shop,FG00323,INV-20240502-Mil-128,Customer_94,CUST094,25,0,50.03,1250.75,Hospital
2024-05-20,Kimpese Shop,FG00456,INV-20240520-Kim-202,Customer_11,CUST011,39,0,20.11,784.29,Wholesale
2024-05-25,Matadi Kibala,FG00049,INV-20240525-Mat-119,Customer_88,CUST088,28,0,27.79,778.12,Retail
2024-05-11,Kolwezi Shop,FG00361,INV-20240511-Kol-498,Customer_88,CUST088,19,1,30.03,600.6,Retail
2024-05-22,Liberte,FG00087,INV-20240522-Lib-834,Customer_52,CUST052,16,0,29.4,470.4,Hospital
2024-05-12,Kisangani Shop,FG00162,INV-20240512-Kis-815,Customer_35,CUST035,31,1,25.58,818.56,Retail
2024-05-22,Liberte,FG00001,INV-20240522-Lib-238,Customer_86,CUST086,20,2,15.48,340.56,Retail
2024-05-15,Bunia Shop,FG00402,INV-20240515-Bun-465,Customer_73,CUST073,14,0,67.84,949.76,Retail
2024-05-01,R P Ngaba,FG00441,INV-20240501-R P-151,Customer_90,CUST090,23,0,4.13,94.99,Retail
2024-05-11,Unique Commercial,FG00173,INV-20240511-Uni-287,Customer_93,CUST093,19,0,26.09,495.71,Wholesale
2024-05-26,Kananga Shop,FG00226,INV-20240526-Kan-447,Customer_80,CUST080,25,0,12.96,324.0,Retail
2024-05-15,Kolwezi Shop,FG00023,INV-20240515-Kol-202,Customer_64,CUST064,14,3,12.26,208.42,Wholesale
2024-05-23,UPN,FG00433,INV-20240523-UPN-663,Customer_77,CUST077,11,0,31.29,344.19,Retail
2024-05-12,Kikwit Shop,FG00330,INV-20240512-Kik-782,Customer_30,CUST030,37,0,19.71,729.27,Retail
2024-05-02,Kinshasa,FG00202,INV-20240502-Kin-736,Customer_87,CUST087,2,0,7.68,15.36,Retail
2024-05-10,Kinshasa,FG00105,INV-20240510-Kin-221,Customer_75,CUST075,24,0,36.38,873.1200000000001,Retail
2024-05-09,Goma Shop,FG00065,INV-20240509-Gom-538,Customer_28,CUST028,24,1,11.82,295.5,Retail
2024-05-17,Kolwezi Shop,FG00033,INV-20240517-Kol-741,Customer_39,CUST039,24,0,3.35,80.4,Hospital
2024-05-04,Kisangani Shop,FG00335,INV-20240504-Kis-731,Customer_79,CUST079,32,0,2.6,83.2,Retail
2024-05-18,Goma Shop,FG00178,INV-20240518-Gom-482,Customer_32,CUST032,1,2,29.92,89.76,Hospital
2024-05-19,Bukavu Shop,FG00076,INV-20240519-Buk-172,Customer_50,CUST050,1,0,29.38,29.38,Retail
2024-05-02,Kingaraz,FG00494,INV-20240502-Kin-113,Customer_74,CUST074,10,0,10.22,102.2,Hospital
2024-05-01,Matete Shop,FG00293,INV-20240501-Mat-160,Customer_71,CUST071,36,0,41.31,1487.16,Retail
2024-05-18,Matadi Kibala,FG00368,INV-20240518-Mat-145,Customer_34,CUST034,14,0,68.04,952.5600000000001,Hospital
2024-05-08,Pompage Shop,FG00257,INV-20240508-Pom-228,Customer_88,CUST088,8,0,70.3,562.4,Hospital
2024-05-07,UPN,FG00292,INV-20240507-UPN-694,Customer_40,CUST040,18,4,2.83,62.260000000000005,Hospital
2024-05-12,Kisangani Shop,FG00011,INV-20240512-Kis-569,Customer_63,CUST063,1,0,2.01,2.01,Wholesale
2024-05-25,R P Ngaba,FG00172,INV-20240525-R P-264,Customer_28,CUST028,9,0,1.45,13.049999999999999,Hospital
2024-05-12,Kinshasa,FG00038,INV-20240512-Kin-420,Customer_49,CUST049,34,0,5.79,196.86,Wholesale
2024-05-05,Matete Shop,FG00095,INV-20240505-Mat-650,Customer_59,CUST059,38,0,38.78,1473.64,Wholesale
2024-05-06,Boma Shop,FG00322,INV-20240506-Bom-819,Customer_74,CUST074,18,0,28.82,518.76,Retail
2024-05-08,Kisangani Shop,FG00158,INV-20240508-Kis-171,Customer_13,CUST013,7,0,38.32,268.24,Retail
2024-05-24,Lubumbashi,FG00293,INV-20240524-Lub-959,Customer_54,CUST054,40,0,41.31,1652.4,Hospital
2024-05-02,Goma Shop,FG00126,INV-20240502-Gom-653,Customer_98,CUST098,35,0,21.93,767.55,Hospital
2024-05-14,Kananga Shop,FG00125,INV-20240514-Kan-190,Customer_15,CUST015,26,0,12.17,316.42,Wholesale
2024-05-13,Bibwa Shop,FG00113,INV-20240513-Bib-106,Customer_79,CUST079,11,1,37.25,447.0,Wholesale
2024-05-22,Bukavu Shop,FG00491,INV-20240522-Buk-442,Customer_59,CUST059,18,2,18.66,373.2,Hospital
2024-05-18,Bibwa Shop,FG00166,INV-20240518-Bib-189,Customer_24,CUST024,34,2,33.54,1207.44,Retail
2024-05-19,Quartier 1 Shop,FG00160,INV-20240519-Qua-336,Customer_6,CUST006,9,0,36.68,330.12,Retail
2024-05-14,Liberte,FG00409,INV-20240514-Lib-244,Customer_89,CUST089,33,0,45.36,1496.8799999999999,Wholesale
2024-05-12,Goma Shop,FG00267,INV-20240512-Gom-573,Customer_33,CUST033,23,0,52.72,1212.56,Wholesale
2024-05-01,Tshikapa Shop,FG00001,INV-20240501-Tsh-193,Customer_15,CUST015,26,3,15.48,448.92,Wholesale
2024-05-27,R P Ngaba,FG00116,INV-20240527-R P-106,Customer_71,CUST071,8,1,43.7,393.3,Retail
2024-05-07,Quartier 1 Shop,FG00359,INV-20240507-Qua-762,Customer_13,CUST013,14,0,70.61,988.54,Hospital
2024-05-24,R P Ngaba,FG00035,INV-20240524-R P-904,Customer_68,CUST068,23,0,38.66,889.18,Retail
2024-05-17,Millennial Shop,FG00371,INV-20240517-Mil-679,Customer_47,CUST047,45,0,5.94,267.3,Retail
2024-05-14,Kimpese Shop,FG00396,INV-20240514-Kim-316,Customer_56,CUST056,1,0,46.61,46.61,Hospital
2024-05-12,Bukavu Shop,FG00282,INV-20240512-Buk-702,Customer_94,CUST094,19,0,14.05,266.95,Wholesale
2024-05-19,Gemena Shop,FG00354,INV-20240519-Gem-820,Customer_22,CUST022,26,2,7.18,201.04,Hospital
2024-05-04,Matadi Kibala,FG00285,INV-20240504-Mat-151,Customer_91,CUST091,18,0,23.47,422.46,Wholesale
2024-05-08,Pompage Shop,FG00274,INV-20240508-Pom-718,Customer_90,CUST090,7,2,36.6,329.40000000000003,Retail
2024-05-03,Matadi Kibala,FG00312,INV-20240503-Mat-695,Customer_66,CUST066,12,0,3.87,46.44,Wholesale
2024-05-06,Mwevu Shop,FG00170,INV-20240506-Mwe-987,Customer_40,CUST040,31,2,29.95,988.35,Retail
2024-05-22,Kimpese Shop,FG00264,INV-20240522-Kim-872,Customer_93,CUST093,20,0,21.12,422.40000000000003,Wholesale
2024-05-06,Kinshasa,FG00028,INV-20240506-Kin-729,Customer_28,CUST028,22,0,39.3,864.5999999999999,Wholesale
2024-05-18,Tshikapa Shop,FG00321,INV-20240518-Tsh-238,Customer_30,CUST030,30,2,22.33,714.56,Hospital
2024-05-05,Boma Shop,FG00130,INV-20240505-Bom-598,Customer_36,CUST036,29,0,39.05,1132.4499999999998,Wholesale
2024-05-21,NCPC Shop,FG00375,INV-20240521-NCP-980,Customer_96,CUST096,17,0,3.59,61.03,Hospital
2024-05-24,Unique Commercial,FG00034,INV-20240524-Uni-691,Customer_47,CUST047,33,0,71.25,2351.25,Hospital
2024-05-23,UPN,FG00359,INV-20240523-UPN-853,Customer_17,CUST017,23,0,70.61,1624.03,Hospital
2024-05-24,Kinshasa,FG00066,INV-20240524-Kin-151,Customer_27,CUST027,21,0,41.38,868.98,Wholesale
2024-05-23,Appolo Depot,FG00113,INV-20240523-App-834,Customer_17,CUST017,7,2,37.25,335.25,Wholesale
2024-05-16,Goma Shop,FG00436,INV-20240516-Gom-996,Customer_90,CUST090,11,1,28.28,339.36,Retail
2024-05-08,Kikwit Shop,FG00368,INV-20240508-Kik-877,Customer_100,CUST100,11,0,68.04,748.44,Retail
2024-05-17,Pascal Shop,FG00214,INV-20240517-Pas-516,Customer_7,CUST007,9,0,9.59,86.31,Wholesale
2024-05-13,UPN,FG00002,INV-20240513-UPN-452,Customer_8,CUST008,41,0,38.07,1560.8700000000001,Hospital
2024-05-26,Kisangani Shop,FG00479,INV-20240526-Kis-570,Customer_59,CUST059,33,3,48.5,1746.0,Wholesale
2024-05-13,Kimpese Shop,FG00313,INV-20240513-Kim-886,Customer_17,CUST017,7,0,2.24,15.680000000000001,Retail
2024-05-22,Goma,FG00334,INV-20240522-Gom-191,Customer_77,CUST077,20,0,6.69,133.8,Wholesale
2024-05-22,Matadi Shop,FG00241,INV-20240522-Mat-141,Customer_78,CUST078,7,0,47.08,329.56,Retail
2024-05-19,NCPC Shop,FG00062,INV-20240519-NCP-369,Customer_4,CUST004,13,1,14.3,200.20000000000002,Retail
2024-05-27,Mwevu Shop,FG00035,INV-20240527-Mwe-266,Customer_51,CUST051,32,0,38.66,1237.12,Retail
2024-05-19,Pascal Shop,FG00411,INV-20240519-Pas-529,Customer_16,CUST016,16,3,16.65,316.34999999999997,Wholesale
2024-05-01,Boma Shop,FG00188,INV-20240501-Bom-961,Customer_48,CUST048,26,0,28.2,733.1999999999999,Wholesale
2024-05-27,Matete Shop,FG00236,INV-20240527-Mat-492,Customer_6,CUST006,43,0,29.12,1252.16,Retail
2024-05-23,Matete Shop,FG00477,INV-20240523-Mat-624,Customer_74,CUST074,32,0,4.62,147.84,Wholesale
2024-05-12,Kikwit Shop,FG00031,INV-20240512-Kik-897,Customer_37,CUST037,31,0,24.62,763.22,Wholesale
2024-05-10,Lubumbashi,FG00226,INV-20240510-Lub-301,Customer_51,CUST051,10,3,12.96,168.48000000000002,Hospital
2024-05-10,UPN,FG00368,INV-20240510-UPN-452,Customer_54,CUST054,23,0,68.04,1564.92,Retail
2024-05-10,Matadi Kibala,FG00086,INV-20240510-Mat-966,Customer_17,CUST017,17,0,13.54,230.17999999999998,Retail
2024-05-13,Tshikapa Shop,FG00223,INV-20240513-Tsh-190,Customer_16,CUST016,11,1,4.47,53.64,Wholesale
2024-05-05,Kananga Shop,FG00111,INV-20240505-Kan-240,Customer_86,CUST086,40,2,12.16,510.72,Hospital
2024-05-11,Bunia Shop,FG00137,INV-20240511-Bun-795,Customer_13,CUST013,27,0,26.42,713.34,Hospital
2024-05-28,Lubumbashi,FG00274,INV-20240528-Lub-803,Customer_77,CUST077,12,1,36.6,475.8,Hospital
2024-05-04,Kingaraz,FG00076,INV-20240504-Kin-418,Customer_93,CUST093,30,0,29.38,881.4,Hospital
2024-05-03,Matadi Kibala,FG00135,INV-20240503-Mat-446,Customer_72,CUST072,6,0,37.76,226.56,Retail
2024-05-05,Kolwezi Shop,FG00485,INV-20240505-Kol-474,Customer_24,CUST024,15,0,23.7,355.5,Hospital
2024-05-02,Kikwit Shop,FG00273,INV-20240502-Kik-366,Customer_32,CUST032,20,0,43.49,869.8000000000001,Retail
2024-05-27,Lubumbashi,FG00415,INV-20240527-Lub-180,Customer_10,CUST010,21,0,31.96,671.16,Hospital
2024-05-27,Kikwit Shop,FG00435,INV-20240527-Kik-515,Customer_64,CUST064,18,0,4.1,73.8,Retail
2024-05-12,Mwevu Shop,FG00190,INV-20240512-Mwe-845,Customer_100,CUST100,23,2,19.27,481.75,Wholesale
2024-05-23,Mwevu Shop,FG00256,INV-20240523-Mwe-511,Customer_59,CUST059,27,0,42.42,1145.3400000000001,Hospital
2024-05-23,Mwevu Shop,FG00370,INV-20240523-Mwe-443,Customer_82,CUST082,10,1,4.4,48.400000000000006,Retail
2024-05-12,Mbandaka Shop,FG00224,INV-20240512-Mba-977,Customer_61,CUST061,31,0,28.53,884.4300000000001,Wholesale
2024-05-13,Matadi Kibala,FG00477,INV-20240513-Mat-614,Customer_100,CUST100,28,0,4.62,129.36,Wholesale
2024-05-26,Matadi Shop,FG00221,INV-20240526-Mat-229,Customer_36,CUST036,23,0,26.58,611.3399999999999,Retail
2024-05-06,Bukavu Shop,FG00147,INV-20240506-Buk-814,Customer_69,CUST069,1,0,30.87,30.87,Retail
2024-05-19,Bukavu Shop,FG00474,INV-20240519-Buk-413,Customer_80,CUST080,20,3,35.74,822.0200000000001,Hospital
2024-05-03,Bukavu Shop,FG00095,INV-20240503-Buk-246,Customer_77,CUST077,10,1,38.78,426.58000000000004,Wholesale
2024-05-26,Kikwit Shop,FG00295,INV-20240526-Kik-964,Customer_39,CUST039,27,0,10.85,292.95,Wholesale
2024-05-06,Unique Commercial,FG00437,INV-20240506-Uni-564,Customer_2,CUST002,4,1,3.66,18.3,Wholesale
2024-05-05,Mbandaka Shop,FG00189,INV-20240505-Mba-221,Customer_76,CUST076,25,1,21.56,560.56,Wholesale
2024-05-06,Matadi Kibala,FG00063,INV-20240506-Mat-153,Customer_37,CUST037,17,2,33.29,632.51,Hospital
2024-05-09,UPN,FG00127,INV-20240509-UPN-525,Customer_21,CUST021,24,2,61.62,1602.12,Retail
2024-05-10,Bunia Shop,FG00454,INV-20240510-Bun-929,Customer_92,CUST092,16,0,36.33,581.28,Retail
2024-05-15,Kingaraz,FG00113,INV-20240515-Kin-331,Customer_59,CUST059,23,0,37.25,856.75,Retail
2024-05-22,Goma,FG00016,INV-20240522-Gom-848,Customer_88,CUST088,18,0,14.98,269.64,Retail
2024-05-16,Goma Shop,FG00471,INV-20240516-Gom-181,Customer_16,CUST016,24,0,1.6,38.400000000000006,Wholesale
2024-05-24,Bibwa Shop,FG00048,INV-20240524-Bib-387,Customer_72,CUST072,15,1,21.18,338.88,Wholesale
2024-05-06,NCPC Shop,FG00186,INV-20240506-NCP-386,Customer_85,CUST085,10,1,33.34,366.74,Hospital
2024-05-06,Quartier 1 Shop,FG00456,INV-20240506-Qua-365,Customer_59,CUST059,11,0,20.11,221.20999999999998,Wholesale
2024-05-28,Millennial Shop,FG00025,INV-20240528-Mil-758,Customer_25,CUST025,22,0,18.68,410.96,Retail
2024-05-28,Goma,FG00355,INV-20240528-Gom-996,Customer_44,CUST044,22,0,3.57,78.53999999999999,Hospital
2024-05-27,Appolo Depot,FG00114,INV-20240527-App-563,Customer_60,CUST060,27,1,40.6,1136.8,Retail
2024-05-19,Quartier 1 Shop,FG00205,INV-20240519-Qua-292,Customer_53,CUST053,24,0,30.72,737.28,Retail
2024-05-15,Kinshasa,FG00058,INV-20240515-Kin-761,Customer_8,CUST008,25,0,15.9,397.5,Retail
2024-05-25,Goma Shop,FG00418,INV-20240525-Gom-649,Customer_57,CUST057,24,0,17.1,410.40000000000003,Retail
2024-05-01,Kikwit Shop,FG00167,INV-20240501-Kik-146,Customer_85,CUST085,11,0,25.08,275.88,Retail
2024-05-01,Appolo Depot,FG00248,INV-20240501-App-846,Customer_23,CUST023,21,2,38.7,890.1,Retail
2024-05-03,Likasi Shop,FG00096,INV-20240503-Lik-967,Customer_85,CUST085,20,0,20.16,403.2,Retail
2024-05-04,Quartier 1 Shop,FG00014,INV-20240504-Qua-687,Customer_30,CUST030,1,0,9.12,9.12,Hospital
2024-05-26,Unique Commercial,FG00394,INV-20240526-Uni-507,Customer_98,CUST098,21,4,58.56,1464.0,Hospital
2024-05-26,Pascal Shop,FG00254,INV-20240526-Pas-303,Customer_5,CUST005,16,1,16.53,281.01,Retail
2024-05-07,Matadi Kibala,FG00319,INV-20240507-Mat-257,Customer_91,CUST091,23,0,8.67,199.41,Hospital
2024-05-25,Matete Shop,FG00091,INV-20240525-Mat-715,Customer_4,CUST004,23,3,5.49,142.74,Hospital
2024-05-06,Millennial Shop,FG00402,INV-20240506-Mil-836,Customer_17,CUST017,7,0,67.84,474.88,Wholesale
2024-05-20,Goma Shop,FG00424,INV-20240520-Gom-799,Customer_85,CUST085,27,2,20.18,585.22,Retail
2024-05-08,Appolo Depot,FG00087,INV-20240508-App-889,Customer_89,CUST089,18,0,29.4,529.1999999999999,Wholesale
2024-05-08,UPN,FG00458,INV-20240508-UPN-278,Customer_78,CUST078,23,0,23.96,551.08,Retail
2024-05-10,Kikwit Shop,FG00437,INV-20240510-Kik-948,Customer_89,CUST089,30,0,3.66,109.80000000000001,Retail
2024-05-26,Goma Shop,FG00116,INV-20240526-Gom-537,Customer_55,CUST055,28,0,43.7,1223.6000000000001,Retail
2024-05-17,Goma Shop,FG00498,INV-20240517-Gom-193,Customer_51,CUST051,8,0,7.21,57.68,Retail
2024-05-18,Gemena Shop,FG00024,INV-20240518-Gem-721,Customer_50,CUST050,28,0,18.95,530.6,Wholesale
2024-05-26,Unique Commercial,FG00392,INV-20240526-Uni-949,Customer_21,CUST021,19,0,21.22,403.17999999999995,Retail
2024-05-13,Lubumbashi,FG00051,INV-20240513-Lub-259,Customer_16,CUST016,20,0,48.51,970.1999999999999,Wholesale
2024-05-04,Goma Shop,FG00331,INV-20240504-Gom-327,Customer_71,CUST071,20,1,14.75,309.75,Hospital
2024-05-22,Liberte,FG00362,INV-20240522-Lib-782,Customer_64,CUST064,31,0,32.52,1008.1200000000001,Hospital
2024-05-14,Kananga Shop,FG00274,INV-20240514-Kan-512,Customer_100,CUST100,19,0,36.6,695.4,Wholesale
2024-05-07,Bunia Shop,FG00227,INV-20240507-Bun-248,Customer_17,CUST017,16,2,73.02,1314.36,Retail
2024-05-07,Appolo Depot,FG00073,INV-20240507-App-620,Customer_92,CUST092,32,2,1.91,64.94,Retail
2024-05-21,Kimpese Shop,FG00387,INV-20240521-Kim-257,Customer_33,CUST033,11,0,14.82,163.02,Wholesale
2024-05-18,Appolo Depot,FG00368,INV-20240518-App-746,Customer_88,CUST088,44,2,68.04,3129.84,Retail
2024-05-06,Goma Shop,FG00208,INV-20240506-Gom-940,Customer_24,CUST024,32,0,26.81,857.92,Hospital
2024-05-11,NCPC Shop,FG00191,INV-20240511-NCP-348,Customer_50,CUST050,18,0,8.34,150.12,Hospital
2024-05-26,Pompage Shop,FG00443,INV-20240526-Pom-975,Customer_9,CUST009,25,2,19.34,522.18,Hospital
2024-05-04,Boma Shop,FG00140,INV-20240504-Bom-382,Customer_63,CUST063,32,0,38.9,1244.8,Retail
2024-05-27,Mbandaka Shop,FG00004,INV-20240527-Mba-334,Customer_41,CUST041,30,0,30.33,909.9,Hospital
2024-05-10,Unique Commercial,FG00335,INV-20240510-Uni-113,Customer_20,CUST020,28,0,2.6,72.8,Hospital
2024-05-03,Kisangani Shop,FG00397,INV-20240503-Kis-776,Customer_52,CUST052,16,0,34.45,551.2,Retail
2024-05-17,Kolwezi Shop,FG00340,INV-20240517-Kol-948,Customer_74,CUST074,14,0,4.63,64.82,Hospital
2024-05-16,Kikwit Shop,FG00198,INV-20240516-Kik-383,Customer_94,CUST094,23,0,35.97,827.31,Wholesale
2024-05-02,Kikwit Shop,FG00164,INV-20240502-Kik-918,Customer_10,CUST010,29,0,27.25,790.25,Retail
2024-05-21,Matadi Shop,FG00189,INV-20240521-Mat-374,Customer_93,CUST093,17,0,21.56,366.52,Retail
2024-05-03,Bukavu Shop,FG00169,INV-20240503-Buk-683,Customer_3,CUST003,30,0,3.0,90.0,Hospital
2024-05-03,Matadi Kibala,FG00304,INV-20240503-Mat-428,Customer_76,CUST076,34,1,25.78,902.3000000000001,Wholesale
2024-05-18,Millennial Shop,FG00184,INV-20240518-Mil-588,Customer_8,CUST008,11,1,65.98,791.76,Retail
2024-05-26,Tshikapa Shop,FG00010,INV-20240526-Tsh-262,Customer_56,CUST056,23,0,35.7,821.1,Hospital
2024-05-01,Matadi Shop,FG00319,INV-20240501-Mat-198,Customer_64,CUST064,14,3,8.67,147.39,Retail
2024-05-24,Pascal Shop,FG00077,INV-20240524-Pas-685,Customer_26,CUST026,24,0,31.03,744.72,Retail
2024-05-25,Quartier 1 Shop,FG00464,INV-20240525-Qua-573,Customer_52,CUST052,20,0,23.67,473.40000000000003,Hospital
2024-05-19,Gemena Shop,FG00208,INV-20240519-Gem-585,Customer_67,CUST067,6,0,26.81,160.85999999999999,Retail
2024-05-03,R P Ngaba,FG00219,INV-20240503-R P-336,Customer_62,CUST062,22,0,32.83,722.26,Retail
2024-05-26,Liberte,FG00068,INV-20240526-Lib-791,Customer_50,CUST050,1,0,40.31,40.31,Retail
2024-05-15,Bukavu Shop,FG00357,INV-20240515-Buk-647,Customer_68,CUST068,30,0,1.84,55.2,Hospital
2024-05-16,Kingaraz,FG00181,INV-20240516-Kin-312,Customer_82,CUST082,18,0,17.71,318.78000000000003,Hospital
2024-05-22,Likasi Shop,FG00104,INV-20240522-Lik-745,Customer_12,CUST012,52,0,25.92,1347.8400000000001,Wholesale
2024-05-11,Likasi Shop,FG00097,INV-20240511-Lik-788,Customer_66,CUST066,43,0,21.29,915.4699999999999,Hospital
2024-05-26,Bukavu Shop,FG00094,INV-20240526-Buk-146,Customer_19,CUST019,18,0,28.5,513.0,Retail
2024-05-04,Matadi Shop,FG00181,INV-20240504-Mat-457,Customer_100,CUST100,18,2,17.71,354.20000000000005,Wholesale
2024-05-26,Matadi Kibala,FG00140,INV-20240526-Mat-755,Customer_73,CUST073,37,0,38.9,1439.3,Wholesale
2024-05-26,Kolwezi Shop,FG00246,INV-20240526-Kol-101,Customer_7,CUST007,2,0,46.49,92.98,Retail
2024-05-14,Gemena Shop,FG00203,INV-20240514-Gem-781,Customer_70,CUST070,13,0,8.92,115.96,Wholesale
2024-05-16,Matete Shop,FG00153,INV-20240516-Mat-560,Customer_76,CUST076,25,0,6.48,162.0,Wholesale
2024-05-03,Kingaraz,FG00418,INV-20240503-Kin-536,Customer_45,CUST045,24,0,17.1,410.40000000000003,Hospital
2024-05-02,Kananga Shop,FG00440,INV-20240502-Kan-516,Customer_3,CUST003,30,0,3.99,119.7,Retail
2024-05-12,Bunia Shop,FG00358,INV-20240512-Bun-138,Customer_26,CUST026,8,0,23.76,190.08,Hospital
2024-05-24,Matadi Kibala,FG00500,INV-20240524-Mat-731,Customer_55,CUST055,1,0,49.32,49.32,Retail
2024-05-15,Bibwa Shop,FG00041,INV-20240515-Bib-679,Customer_82,CUST082,28,0,10.47,293.16,Hospital
2024-05-12,Tshikapa Shop,FG00292,INV-20240512-Tsh-428,Customer_29,CUST029,11,0,2.83,31.130000000000003,Retail
2024-05-02,Kikwit Shop,FG00304,INV-20240502-Kik-283,Customer_2,CUST002,1,0,25.78,25.78,Wholesale
2024-05-12,Unique Commercial,FG00083,INV-20240512-Uni-523,Customer_60,CUST060,21,0,25.82,542.22,Hospital
2024-05-07,Quartier 1 Shop,FG00154,INV-20240507-Qua-973,Customer_11,CUST011,27,0,24.98,674.46,Wholesale
2024-05-20,Kolwezi Shop,FG00470,INV-20240520-Kol-960,Customer_72,CUST072,18,0,38.56,694.08,Hospital
2024-05-25,Bukavu Shop,FG00314,INV-20240525-Buk-523,Customer_37,CUST037,15,0,48.17,722.5500000000001,Hospital
2024-05-14,Mbandaka Shop,FG00153,INV-20240514-Mba-368,Customer_97,CUST097,18,1,6.48,123.12,Wholesale
2024-05-24,Kisangani Shop,FG00158,INV-20240524-Kis-910,Customer_10,CUST010,6,1,38.32,268.24,Wholesale
2024-05-20,Unique Commercial,FG00203,INV-20240520-Uni-703,Customer_78,CUST078,25,0,8.92,223.0,Retail
2024-05-25,Mbandaka Shop,FG00427,INV-20240525-Mba-382,Customer_34,CUST034,23,2,33.95,848.7500000000001,Hospital
2024-05-15,Kolwezi Shop,FG00116,INV-20240515-Kol-998,Customer_35,CUST035,10,0,43.7,437.0,Wholesale
2024-05-09,Goma,FG00270,INV-20240509-Gom-816,Customer_85,CUST085,18,0,23.09,415.62,Hospital
2024-05-06,Appolo Depot,FG00115,INV-20240506-App-612,Customer_43,CUST043,21,0,48.06,1009.26,Wholesale
2024-05-05,Pompage Shop,FG00371,INV-20240505-Pom-785,Customer_74,CUST074,34,0,5.94,201.96,Hospital
2024-05-21,Mwevu Shop,FG00052,INV-20240521-Mwe-108,Customer_14,CUST014,14,0,31.18,436.52,Hospital
2024-05-15,Tshikapa Shop,FG00032,INV-20240515-Tsh-981,Customer_15,CUST015,23,0,9.36,215.27999999999997,Wholesale
2024-05-25,Lubumbashi,FG00246,INV-20240525-Lub-456,Customer_67,CUST067,32,0,46.49,1487.68,Retail
2024-05-10,Kingaraz,FG00190,INV-20240510-Kin-235,Customer_75,CUST075,15,0,19.27,289.05,Retail
2024-05-02,Mbandaka Shop,FG00006,INV-20240502-Mba-680,Customer_36,CUST036,13,0,12.96,168.48000000000002,Wholesale
2024-05-28,Likasi Shop,FG00196,INV-20240528-Lik-840,Customer_19,CUST019,1,2,14.49,43.47,Hospital
2024-05-08,Boma Shop,FG00422,INV-20240508-Bom-995,Customer_95,CUST095,40,0,39.69,1587.6,Wholesale
2024-05-04,Tshikapa Shop,FG00399,INV-20240504-Tsh-984,Customer_94,CUST094,22,0,37.79,831.38,Wholesale
2024-05-11,Matete Shop,FG00443,INV-20240511-Mat-709,Customer_91,CUST091,19,0,19.34,367.46,Wholesale
2024-05-07,Bukavu Shop,FG00299,INV-20240507-Buk-959,Customer_87,CUST087,23,0,25.22,580.06,Wholesale
2024-05-01,Quartier 1 Shop,FG00498,INV-20240501-Qua-724,Customer_74,CUST074,19,1,7.21,144.2,Retail
2024-05-03,Kananga Shop,FG00362,INV-20240503-Kan-293,Customer_39,CUST039,28,0,32.52,910.5600000000001,Wholesale
2024-05-23,Bunia Shop,FG00204,INV-20240523-Bun-174,Customer_11,CUST011,22,0,45.03,990.6600000000001,Retail
2024-05-18,Kikwit Shop,FG00025,INV-20240518-Kik-287,Customer_38,CUST038,20,1,18.68,392.28,Retail
2024-05-27,Kingaraz,FG00081,INV-20240527-Kin-238,Customer_95,CUST095,33,2,34.63,1212.0500000000002,Retail
2024-05-28,Mbandaka Shop,FG00100,INV-20240528-Mba-287,Customer_38,CUST038,14,0,6.29,88.06,Wholesale
2024-05-14,NCPC Shop,FG00336,INV-20240514-NCP-337,Customer_39,CUST039,30,0,2.4,72.0,Hospital
2024-05-15,Kingaraz,FG00259,INV-20240515-Kin-920,Customer_87,CUST087,15,1,23.14,370.24,Hospital
2024-05-13,Goma,FG00017,INV-20240513-Gom-421,Customer_84,CUST084,12,0,12.73,152.76,Hospital
2024-05-23,Appolo Depot,FG00292,INV-20240523-App-871,Customer_49,CUST049,2,2,2.83,11.32,Hospital
2024-05-02,Appolo Depot,FG00454,INV-20240502-App-762,Customer_12,CUST012,1,0,36.33,36.33,Hospital
2024-05-16,Bibwa Shop,FG00456,INV-20240516-Bib-369,Customer_60,CUST060,1,0,20.11,20.11,Retail
2024-05-02,Likasi Shop,FG00107,INV-20240502-Lik-258,Customer_8,CUST008,19,1,21.11,422.2,Retail
2024-05-18,Kikwit Shop,FG00485,INV-20240518-Kik-934,Customer_21,CUST021,16,0,23.7,379.2,Hospital
2024-05-20,Mwevu Shop,FG00217,INV-20240520-Mwe-559,Customer_24,CUST024,9,0,16.94,152.46,Wholesale
2024-05-24,R P Ngaba,FG00102,INV-20240524-R P-256,Customer_67,CUST067,8,0,25.74,205.92,Hospital
2024-05-26,Kisangani Shop,FG00005,INV-20240526-Kis-438,Customer_18,CUST018,24,0,6.91,165.84,Wholesale
2024-05-19,Kimpese Shop,FG00111,INV-20240519-Kim-335,Customer_2,CUST002,14,0,12.16,170.24,Retail
2024-05-08,UPN,FG00130,INV-20240508-UPN-169,Customer_57,CUST057,23,0,39.05,898.15,Hospital
2024-05-23,Unique Commercial,FG00344,INV-20240523-Uni-473,Customer_59,CUST059,11,2,33.39,434.07,Retail
2024-05-15,Quartier 1 Shop,FG00073,INV-20240515-Qua-724,Customer_79,CUST079,33,2,1.91,66.85,Wholesale
2024-05-25,Bunia Shop,FG00128,INV-20240525-Bun-277,Customer_8,CUST008,15,2,43.18,734.06,Wholesale
2024-05-21,Kikwit Shop,FG00108,INV-20240521-Kik-336,Customer_23,CUST023,17,0,30.42,517.14,Hospital
2024-05-19,Kananga Shop,FG00418,INV-20240519-Kan-129,Customer_31,CUST031,20,0,17.1,342.0,Retail
2024-05-09,Tshikapa Shop,FG00024,INV-20240509-Tsh-569,Customer_38,CUST038,16,0,18.95,303.2,Retail
2024-05-26,Goma,FG00047,INV-20240526-Gom-267,Customer_21,CUST021,18,0,13.02,234.35999999999999,Hospital
2024-05-26,Tshikapa Shop,FG00150,INV-20240526-Tsh-159,Customer_48,CUST048,22,0,11.72,257.84000000000003,Wholesale
2024-05-27,Kingaraz,FG00470,INV-20240527-Kin-659,Customer_85,CUST085,10,0,38.56,385.6,Wholesale
2024-05-24,Kimpese Shop,FG00426,INV-20240524-Kim-751,Customer_83,CUST083,6,0,22.34,134.04,Hospital
